"","Term","Overlap","P.value","Adjusted.P.value","Old.P.value","Old.Adjusted.P.value","Odds.Ratio","Combined.Score","Genes"
"1","p53 signaling pathway","1/73",0.0359140308301435,0.0869165113794551,0,0,30.7376543209877,102.252717817303,"IGFBP3"
"2","Complement and coagulation cascades","1/85",0.0417053180950638,0.0869165113794551,0,0,26.3306878306878,83.6559293891733,"A2M"
"3","Protein digestion and absorption","1/103",0.0503335577922039,0.0869165113794551,0,0,21.6644880174292,64.7569587162893,"COL11A1"
"4","Growth hormone synthesis, secretion and action","1/119",0.0579443409196368,0.0869165113794551,0,0,18.7118644067797,53.2964863529665,"IGFBP3"
"5","Cellular senescence","1/156",0.0753344527600507,0.0904013433120609,0,0,14.2186379928315,36.7668059174728,"IGFBP3"
"6","Transcriptional misregulation in cancer","1/192",0.0919767065184695,0.0919767065184695,0,0,11.5177428737638,27.4838675249733,"IGFBP3"
